{
  "properties": {
    "activities": [
      {
        "type": "Copy",
        "typeProperties": {
          "source": {
            "type": "LakehouseTableSource",
            "datasetSettings": {
              "type": "LakehouseTable",
              "typeProperties": {
                "table": "ERP_Data_Silver"
              },
              "schema": [],
              "linkedService": {
                "properties": {
                  "type": "Lakehouse",
                  "typeProperties": {
                    "artifactId": "697825d8-5709-4f12-9a77-18d616a2a484",
                    "workspaceId": "00000000-0000-0000-0000-000000000000",
                    "rootFolder": "Tables"
                  },
                  "annotations": []
                },
                "name": "Lakehouse_Sankar"
              },
              "annotations": []
            }
          },
          "sink": {
            "type": "DataWarehouseSink",
            "allowCopyCommand": true,
            "copyCommandSettings": {},
            "tableOption": "autoCreate",
            "datasetSettings": {
              "type": "DataWarehouseTable",
              "typeProperties": {
                "schema": "Sankar_Silver",
                "table": "ERP_Data"
              },
              "schema": [],
              "linkedService": {
                "properties": {
                  "type": "DataWarehouse",
                  "typeProperties": {
                    "artifactId": "37f10a42-d557-4ba4-9955-982b8af731b6",
                    "endpoint": "fi374tfeg74ejensl6xtijj4mi-obyef5cz5tcepnsawqhwbe4er4.datawarehouse.fabric.microsoft.com",
                    "workspaceId": "f4427070-ec59-47c4-b640-b40f6093848f"
                  },
                  "annotations": []
                },
                "name": "Warehouse_Sankar"
              },
              "annotations": []
            }
          },
          "translator": {
            "type": "TabularTranslator",
            "typeConversion": true,
            "typeConversionSettings": {
              "allowDataTruncation": true,
              "treatBooleanAsNumber": false
            }
          },
          "enableStaging": true
        },
        "policy": {
          "timeout": "0.12:00:00",
          "retry": 0,
          "retryIntervalInSeconds": 30,
          "secureInput": false,
          "secureOutput": false
        },
        "name": "ERP_To_Warehouse",
        "dependsOn": []
      }
    ]
  }
}