{
  "name": "{{Dataset_Name}}",
  "compatibilityLevel": 1604,
  "model": {
    "name": "{{Dataset_Name}}",
    "culture": "en-US",
    "collation": "Latin1_General_100_BIN2_UTF8",
    "dataAccessOptions": {
      "legacyRedirects": true,
      "returnErrorValuesAsNull": true
    },
    "defaultPowerBIDataSourceVersion": "powerBI_V3",
    "sourceQueryCulture": "en-US",
    "tables": [
      {
        "name": "API_Data",
        "sourceLineageTag": "[Sankar_Silver].[API_Data]",
        "columns": [
          {
            "name": "id",
            "dataType": "int64",
            "sourceColumn": "id",
            "formatString": "0",
            "sourceProviderType": "bigint",
            "sourceLineageTag": "id",
            "summarizeBy": "sum",
            "annotations": [
              {
                "name": "SummarizationSetBy",
                "value": "Automatic"
              }
            ]
          },
          {
            "name": "name",
            "dataType": "string",
            "sourceColumn": "name",
            "sourceProviderType": "varchar",
            "sourceLineageTag": "name",
            "summarizeBy": "none",
            "annotations": [
              {
                "name": "SummarizationSetBy",
                "value": "Automatic"
              }
            ]
          },
          {
            "name": "latitude",
            "dataType": "string",
            "sourceColumn": "latitude",
            "sourceProviderType": "varchar",
            "sourceLineageTag": "latitude",
            "summarizeBy": "none",
            "annotations": [
              {
                "name": "SummarizationSetBy",
                "value": "Automatic"
              }
            ]
          },
          {
            "name": "longitude",
            "dataType": "string",
            "sourceColumn": "longitude",
            "sourceProviderType": "varchar",
            "sourceLineageTag": "longitude",
            "summarizeBy": "none",
            "annotations": [
              {
                "name": "SummarizationSetBy",
                "value": "Automatic"
              }
            ]
          }
        ],
        "partitions": [
          {
            "name": "{{Dataset_Name}}",
            "mode": "directLake",
            "source": {
              "type": "entity",
              "entityName": "API_Data",
              "expressionSource": "DatabaseQuery",
              "schemaName": "Sankar_Silver"
            }
          }
        ],
        "annotations": [
          {
            "name": "IsTableInBiModel",
            "value": "False"
          }
        ]
      },
      {
        "name": "CRM_Data",
        "sourceLineageTag": "[Sankar_Silver].[CRM_Data]",
        "columns": [
          {
            "name": "customer_id",
            "dataType": "string",
            "sourceColumn": "customer_id",
            "sourceProviderType": "varchar",
            "sourceLineageTag": "customer_id",
            "summarizeBy": "none",
            "annotations": [
              {
                "name": "SummarizationSetBy",
                "value": "Automatic"
              }
            ]
          },
          {
            "name": "customer_name",
            "dataType": "string",
            "sourceColumn": "customer_name",
            "sourceProviderType": "varchar",
            "sourceLineageTag": "customer_name",
            "summarizeBy": "none",
            "annotations": [
              {
                "name": "SummarizationSetBy",
                "value": "Automatic"
              }
            ]
          },
          {
            "name": "contact_email",
            "dataType": "string",
            "sourceColumn": "contact_email",
            "sourceProviderType": "varchar",
            "sourceLineageTag": "contact_email",
            "summarizeBy": "none",
            "annotations": [
              {
                "name": "SummarizationSetBy",
                "value": "Automatic"
              }
            ]
          },
          {
            "name": "phone_number",
            "dataType": "string",
            "sourceColumn": "phone_number",
            "sourceProviderType": "varchar",
            "sourceLineageTag": "phone_number",
            "summarizeBy": "none",
            "annotations": [
              {
                "name": "SummarizationSetBy",
                "value": "Automatic"
              }
            ]
          },
          {
            "name": "purchase_date",
            "dataType": "string",
            "sourceColumn": "purchase_date",
            "sourceProviderType": "varchar",
            "sourceLineageTag": "purchase_date",
            "summarizeBy": "none",
            "annotations": [
              {
                "name": "SummarizationSetBy",
                "value": "Automatic"
              }
            ]
          },
          {
            "name": "amount",
            "dataType": "string",
            "sourceColumn": "amount",
            "sourceProviderType": "varchar",
            "sourceLineageTag": "amount",
            "summarizeBy": "none",
            "annotations": [
              {
                "name": "SummarizationSetBy",
                "value": "Automatic"
              }
            ]
          }
        ],
        "partitions": [
          {
            "name": "{{Dataset_Name}}",
            "mode": "directLake",
            "source": {
              "type": "entity",
              "entityName": "CRM_Data",
              "expressionSource": "DatabaseQuery",
              "schemaName": "Sankar_Silver"
            }
          }
        ],
        "annotations": [
          {
            "name": "IsTableInBiModel",
            "value": "False"
          }
        ]
      },
      {
        "name": "ERP_Data",
        "sourceLineageTag": "[Sankar_Silver].[ERP_Data]",
        "columns": [
          {
            "name": "product_id",
            "dataType": "string",
            "sourceColumn": "product_id",
            "sourceProviderType": "varchar",
            "sourceLineageTag": "product_id",
            "summarizeBy": "none",
            "annotations": [
              {
                "name": "SummarizationSetBy",
                "value": "Automatic"
              }
            ]
          },
          {
            "name": "product_name",
            "dataType": "string",
            "sourceColumn": "product_name",
            "sourceProviderType": "varchar",
            "sourceLineageTag": "product_name",
            "summarizeBy": "none",
            "annotations": [
              {
                "name": "SummarizationSetBy",
                "value": "Automatic"
              }
            ]
          },
          {
            "name": "category",
            "dataType": "string",
            "sourceColumn": "category",
            "sourceProviderType": "varchar",
            "sourceLineageTag": "category",
            "summarizeBy": "none",
            "annotations": [
              {
                "name": "SummarizationSetBy",
                "value": "Automatic"
              }
            ]
          },
          {
            "name": "price",
            "dataType": "string",
            "sourceColumn": "price",
            "sourceProviderType": "varchar",
            "sourceLineageTag": "price",
            "summarizeBy": "none",
            "annotations": [
              {
                "name": "SummarizationSetBy",
                "value": "Automatic"
              }
            ]
          },
          {
            "name": "stock_quantity",
            "dataType": "string",
            "sourceColumn": "stock_quantity",
            "sourceProviderType": "varchar",
            "sourceLineageTag": "stock_quantity",
            "summarizeBy": "none",
            "annotations": [
              {
                "name": "SummarizationSetBy",
                "value": "Automatic"
              }
            ]
          }
        ],
        "partitions": [
          {
            "name": "{{Dataset_Name}}",
            "mode": "directLake",
            "source": {
              "type": "entity",
              "entityName": "ERP_Data",
              "expressionSource": "DatabaseQuery",
              "schemaName": "Sankar_Silver"
            }
          }
        ],
        "annotations": [
          {
            "name": "IsTableInBiModel",
            "value": "False"
          }
        ]
      }
    ],
    "expressions": [
      {
        "name": "DatabaseQuery",
        "kind": "m",
        "expression": "let\n    database = {{TDS_Endpoint}}\nin\n    database\n"
      }
    ],
    "annotations": [
      {
        "name": "__PBI_TimeIntelligenceEnabled",
        "value": "0"
      },
      {
        "name": "PBI_QueryOrder",
        "value": "[\"exec_requests_history\",\"long_running_queries\",\"frequently_run_queries\",\"exec_sessions_history\",\"API_Data\",\"CRM_Data\",\"ERP_Data\"]"
      },
      {
        "name": "SourceLineageTagType",
        "value": "DatabaseFullyQualifiedName"
      }
    ]
  }
}