{
  "properties": {
    "activities": [
      {
        "type": "Copy",
        "typeProperties": {
          "source": {
            "type": "JsonSource",
            "storeSettings": {
              "type": "LakehouseReadSettings",
              "recursive": false,
              "enablePartitionDiscovery": false
            },
            "formatSettings": {
              "type": "JsonReadSettings"
            },
            "datasetSettings": {
              "type": "Json",
              "typeProperties": {
                "location": {
                  "type": "LakehouseLocation",
                  "folderPath": "Sankar_Bronze",
                  "fileName": "api_data.json"
                }
              },
              "schema": {},
              "linkedService": {
                "properties": {
                  "type": "Lakehouse",
                  "typeProperties": {
                    "artifactId": "697825d8-5709-4f12-9a77-18d616a2a484",
                    "workspaceId": "00000000-0000-0000-0000-000000000000",
                    "rootFolder": "Files"
                  },
                  "annotations": []
                },
                "name": "Lakehouse_Sankar"
              },
              "annotations": []
            }
          },
          "sink": {
            "type": "LakehouseTableSink",
            "tableActionOption": "Append",
            "datasetSettings": {
              "type": "LakehouseTable",
              "typeProperties": {
                "table": "API_Silver"
              },
              "schema": [],
              "linkedService": {
                "properties": {
                  "type": "Lakehouse",
                  "typeProperties": {
                    "artifactId": "697825d8-5709-4f12-9a77-18d616a2a484",
                    "workspaceId": "00000000-0000-0000-0000-000000000000",
                    "rootFolder": "Tables"
                  },
                  "annotations": []
                },
                "name": "Lakehouse_Sankar"
              },
              "annotations": []
            }
          },
          "translator": {
            "type": "TabularTranslator",
            "typeConversion": true,
            "typeConversionSettings": {
              "allowDataTruncation": true,
              "treatBooleanAsNumber": false
            },
            "columnFlattenSettings": {
              "treatArrayAsString": false,
              "treatStructAsString": false,
              "flattenColumnDelimiter": "."
            }
          },
          "enableStaging": false
        },
        "policy": {
          "timeout": "0.12:00:00",
          "retry": 0,
          "retryIntervalInSeconds": 30,
          "secureInput": false,
          "secureOutput": false
        },
        "name": "Copy API Data",
        "dependsOn": []
      }
    ]
  }
}